1,deltajed,C2_SimpleBashUtils,2022-12-07
2,katharyn,C2_SimpleBashUtils,2022-12-28
3,mikeleil,C3_s21_string+,2023-01-02
4,gellerti,C3_s21_string+,2023-01-03
5,mikeleil,DO1_Linux,2023-01-07
6,deltajed,C3_s21_string+,2023-01-12
7,katharyn,DO1_Linux,2023-01-12
8,gellerti,DO1_Linux,2023-01-12
9,astraeus,DO2_Linux Network,2023-02-04
10,katharyn,DO2_Linux Network,2023-02-12
11,astraeus,C6_s21_matrix,2023-02-15
12,deltajed,C4_s21_math,2023-02-18
13,mikeleil,DO2_Linux Network,2023-02-21
14,gellerti,DO2_Linux Network,2023-02-21
15,katharyn,DO3_LinuxMonitoring v1.0,2023-02-21
16,mikeleil,DO3_LinuxMonitoring v1.0,2023-02-25
17,deltajed,C5_s21_decimal,2023-03-02
18,mikeleil,DO4_LinuxMonitoring v2.0,2023-03-07
19,katharyn,DO4_LinuxMonitoring v2.0,2023-03-07
20,gellerti,C4_s21_math,2023-03-07
21,astraeus,C7_SmartCalc_v1.0,2023-04-01
22,deltajed,C6_s21_matrix,2023-04-03
23,mikeleil,DO5_SimpleDocker,2023-04-10
24,mikeleil,DO6_CICD,2023-04-15
25,deltajed,C7_SmartCalc_v1.0,2023-05-06
26,deltajed,C8_3DViewer_v1.0,2023-06-01
